DATAFLOW,LAST UPDATE,freq,na_item,ppp_cat,geo,TIME_PERIOD,OBS_VALUE,OBS_FLAG
ESTAT:TEC00114(1.0),26/03/24 11:00:00,A,VI_PPS_EU27_2020_HAB,GDP,AL,2012,30,
ESTAT:TEC00114(1.0),26/03/24 11:00:00,A,VI_PPS_EU27_2020_HAB,GDP,AL,2013,29,
ESTAT:TEC00114(1.0),26/03/24 11:00:00,A,VI_PPS_EU27_2020_HAB,GDP,AL,2014,30,
ESTAT:TEC00114(1.0),26/03/24 11:00:00,A,VI_PPS_EU27_2020_HAB,GDP,AL,2015,30,
ESTAT:TEC00114(1.0),26/03/24 11:00:00,A,VI_PPS_EU27_2020_HAB,GDP,AL,2016,30,
ESTAT:TEC00114(1.0),26/03/24 11:00:00,A,VI_PPS_EU27_2020_HAB,GDP,AL,2017,30,
ESTAT:TEC00114(1.0),26/03/24 11:00:00,A,VI_PPS_EU27_2020_HAB,GDP,AL,2018,30,
ESTAT:TEC00114(1.0),26/03/24 11:00:00,A,VI_PPS_EU27_2020_HAB,GDP,AL,2019,30,
ESTAT:TEC00114(1.0),26/03/24 11:00:00,A,VI_PPS_EU27_2020_HAB,GDP,AL,2020,31,
ESTAT:TEC00114(1.0),26/03/24 11:00:00,A,VI_PPS_EU27_2020_HAB,GDP,AL,2021,31,
ESTAT:TEC00114(1.0),26/03/24 11:00:00,A,VI_PPS_EU27_2020_HAB,GDP,AL,2022,34,
ESTAT:TEC00114(1.0),26/03/24 11:00:00,A,VI_PPS_EU27_2020_HAB,GDP,AT,2012,133,
ESTAT:TEC00114(1.0),26/03/24 11:00:00,A,VI_PPS_EU27_2020_HAB,GDP,AT,2013,133,
ESTAT:TEC00114(1.0),26/03/24 11:00:00,A,VI_PPS_EU27_2020_HAB,GDP,AT,2014,132,
ESTAT:TEC00114(1.0),26/03/24 11:00:00,A,VI_PPS_EU27_2020_HAB,GDP,AT,2015,131,
ESTAT:TEC00114(1.0),26/03/24 11:00:00,A,VI_PPS_EU27_2020_HAB,GDP,AT,2016,130,
ESTAT:TEC00114(1.0),26/03/24 11:00:00,A,VI_PPS_EU27_2020_HAB,GDP,AT,2017,127,
ESTAT:TEC00114(1.0),26/03/24 11:00:00,A,VI_PPS_EU27_2020_HAB,GDP,AT,2018,127,
ESTAT:TEC00114(1.0),26/03/24 11:00:00,A,VI_PPS_EU27_2020_HAB,GDP,AT,2019,126,
ESTAT:TEC00114(1.0),26/03/24 11:00:00,A,VI_PPS_EU27_2020_HAB,GDP,AT,2020,125,
ESTAT:TEC00114(1.0),26/03/24 11:00:00,A,VI_PPS_EU27_2020_HAB,GDP,AT,2021,122,
ESTAT:TEC00114(1.0),26/03/24 11:00:00,A,VI_PPS_EU27_2020_HAB,GDP,AT,2022,124,
ESTAT:TEC00114(1.0),26/03/24 11:00:00,A,VI_PPS_EU27_2020_HAB,GDP,AT,2023,123,p
ESTAT:TEC00114(1.0),26/03/24 11:00:00,A,VI_PPS_EU27_2020_HAB,GDP,BA,2012,30,
ESTAT:TEC00114(1.0),26/03/24 11:00:00,A,VI_PPS_EU27_2020_HAB,GDP,BA,2013,31,
ESTAT:TEC00114(1.0),26/03/24 11:00:00,A,VI_PPS_EU27_2020_HAB,GDP,BA,2014,30,
ESTAT:TEC00114(1.0),26/03/24 11:00:00,A,VI_PPS_EU27_2020_HAB,GDP,BA,2015,31,
ESTAT:TEC00114(1.0),26/03/24 11:00:00,A,VI_PPS_EU27_2020_HAB,GDP,BA,2016,31,
ESTAT:TEC00114(1.0),26/03/24 11:00:00,A,VI_PPS_EU27_2020_HAB,GDP,BA,2017,31,
ESTAT:TEC00114(1.0),26/03/24 11:00:00,A,VI_PPS_EU27_2020_HAB,GDP,BA,2018,32,
ESTAT:TEC00114(1.0),26/03/24 11:00:00,A,VI_PPS_EU27_2020_HAB,GDP,BA,2019,33,
ESTAT:TEC00114(1.0),26/03/24 11:00:00,A,VI_PPS_EU27_2020_HAB,GDP,BA,2020,33,
ESTAT:TEC00114(1.0),26/03/24 11:00:00,A,VI_PPS_EU27_2020_HAB,GDP,BA,2021,34,
ESTAT:TEC00114(1.0),26/03/24 11:00:00,A,VI_PPS_EU27_2020_HAB,GDP,BA,2022,35,
ESTAT:TEC00114(1.0),26/03/24 11:00:00,A,VI_PPS_EU27_2020_HAB,GDP,BE,2012,121,
ESTAT:TEC00114(1.0),26/03/24 11:00:00,A,VI_PPS_EU27_2020_HAB,GDP,BE,2013,121,
ESTAT:TEC00114(1.0),26/03/24 11:00:00,A,VI_PPS_EU27_2020_HAB,GDP,BE,2014,121,
ESTAT:TEC00114(1.0),26/03/24 11:00:00,A,VI_PPS_EU27_2020_HAB,GDP,BE,2015,121,
ESTAT:TEC00114(1.0),26/03/24 11:00:00,A,VI_PPS_EU27_2020_HAB,GDP,BE,2016,120,
ESTAT:TEC00114(1.0),26/03/24 11:00:00,A,VI_PPS_EU27_2020_HAB,GDP,BE,2017,118,
ESTAT:TEC00114(1.0),26/03/24 11:00:00,A,VI_PPS_EU27_2020_HAB,GDP,BE,2018,118,
ESTAT:TEC00114(1.0),26/03/24 11:00:00,A,VI_PPS_EU27_2020_HAB,GDP,BE,2019,118,
ESTAT:TEC00114(1.0),26/03/24 11:00:00,A,VI_PPS_EU27_2020_HAB,GDP,BE,2020,118,
ESTAT:TEC00114(1.0),26/03/24 11:00:00,A,VI_PPS_EU27_2020_HAB,GDP,BE,2021,120,
ESTAT:TEC00114(1.0),26/03/24 11:00:00,A,VI_PPS_EU27_2020_HAB,GDP,BE,2022,120,
ESTAT:TEC00114(1.0),26/03/24 11:00:00,A,VI_PPS_EU27_2020_HAB,GDP,BE,2023,117,p
ESTAT:TEC00114(1.0),26/03/24 11:00:00,A,VI_PPS_EU27_2020_HAB,GDP,BG,2012,47,
ESTAT:TEC00114(1.0),26/03/24 11:00:00,A,VI_PPS_EU27_2020_HAB,GDP,BG,2013,46,
ESTAT:TEC00114(1.0),26/03/24 11:00:00,A,VI_PPS_EU27_2020_HAB,GDP,BG,2014,47,
ESTAT:TEC00114(1.0),26/03/24 11:00:00,A,VI_PPS_EU27_2020_HAB,GDP,BG,2015,48,
ESTAT:TEC00114(1.0),26/03/24 11:00:00,A,VI_PPS_EU27_2020_HAB,GDP,BG,2016,49,
ESTAT:TEC00114(1.0),26/03/24 11:00:00,A,VI_PPS_EU27_2020_HAB,GDP,BG,2017,50,
ESTAT:TEC00114(1.0),26/03/24 11:00:00,A,VI_PPS_EU27_2020_HAB,GDP,BG,2018,51,
ESTAT:TEC00114(1.0),26/03/24 11:00:00,A,VI_PPS_EU27_2020_HAB,GDP,BG,2019,53,
ESTAT:TEC00114(1.0),26/03/24 11:00:00,A,VI_PPS_EU27_2020_HAB,GDP,BG,2020,55,
ESTAT:TEC00114(1.0),26/03/24 11:00:00,A,VI_PPS_EU27_2020_HAB,GDP,BG,2021,57,
ESTAT:TEC00114(1.0),26/03/24 11:00:00,A,VI_PPS_EU27_2020_HAB,GDP,BG,2022,62,
ESTAT:TEC00114(1.0),26/03/24 11:00:00,A,VI_PPS_EU27_2020_HAB,GDP,BG,2023,64,p
ESTAT:TEC00114(1.0),26/03/24 11:00:00,A,VI_PPS_EU27_2020_HAB,GDP,CH,2012,170,
ESTAT:TEC00114(1.0),26/03/24 11:00:00,A,VI_PPS_EU27_2020_HAB,GDP,CH,2013,171,
ESTAT:TEC00114(1.0),26/03/24 11:00:00,A,VI_PPS_EU27_2020_HAB,GDP,CH,2014,171,
ESTAT:TEC00114(1.0),26/03/24 11:00:00,A,VI_PPS_EU27_2020_HAB,GDP,CH,2015,171,
ESTAT:TEC00114(1.0),26/03/24 11:00:00,A,VI_PPS_EU27_2020_HAB,GDP,CH,2016,166,
ESTAT:TEC00114(1.0),26/03/24 11:00:00,A,VI_PPS_EU27_2020_HAB,GDP,CH,2017,160,
ESTAT:TEC00114(1.0),26/03/24 11:00:00,A,VI_PPS_EU27_2020_HAB,GDP,CH,2018,158,
ESTAT:TEC00114(1.0),26/03/24 11:00:00,A,VI_PPS_EU27_2020_HAB,GDP,CH,2019,153,
ESTAT:TEC00114(1.0),26/03/24 11:00:00,A,VI_PPS_EU27_2020_HAB,GDP,CH,2020,155,
ESTAT:TEC00114(1.0),26/03/24 11:00:00,A,VI_PPS_EU27_2020_HAB,GDP,CH,2021,157,
ESTAT:TEC00114(1.0),26/03/24 11:00:00,A,VI_PPS_EU27_2020_HAB,GDP,CH,2022,159,
ESTAT:TEC00114(1.0),26/03/24 11:00:00,A,VI_PPS_EU27_2020_HAB,GDP,CY,2012,91,
ESTAT:TEC00114(1.0),26/03/24 11:00:00,A,VI_PPS_EU27_2020_HAB,GDP,CY,2013,84,
ESTAT:TEC00114(1.0),26/03/24 11:00:00,A,VI_PPS_EU27_2020_HAB,GDP,CY,2014,81,
ESTAT:TEC00114(1.0),26/03/24 11:00:00,A,VI_PPS_EU27_2020_HAB,GDP,CY,2015,83,
ESTAT:TEC00114(1.0),26/03/24 11:00:00,A,VI_PPS_EU27_2020_HAB,GDP,CY,2016,88,
ESTAT:TEC00114(1.0),26/03/24 11:00:00,A,VI_PPS_EU27_2020_HAB,GDP,CY,2017,90,
ESTAT:TEC00114(1.0),26/03/24 11:00:00,A,VI_PPS_EU27_2020_HAB,GDP,CY,2018,91,
ESTAT:TEC00114(1.0),26/03/24 11:00:00,A,VI_PPS_EU27_2020_HAB,GDP,CY,2019,93,
ESTAT:TEC00114(1.0),26/03/24 11:00:00,A,VI_PPS_EU27_2020_HAB,GDP,CY,2020,91,
ESTAT:TEC00114(1.0),26/03/24 11:00:00,A,VI_PPS_EU27_2020_HAB,GDP,CY,2021,94,
ESTAT:TEC00114(1.0),26/03/24 11:00:00,A,VI_PPS_EU27_2020_HAB,GDP,CY,2022,94,
ESTAT:TEC00114(1.0),26/03/24 11:00:00,A,VI_PPS_EU27_2020_HAB,GDP,CY,2023,95,p
ESTAT:TEC00114(1.0),26/03/24 11:00:00,A,VI_PPS_EU27_2020_HAB,GDP,CZ,2012,84,
ESTAT:TEC00114(1.0),26/03/24 11:00:00,A,VI_PPS_EU27_2020_HAB,GDP,CZ,2013,86,
ESTAT:TEC00114(1.0),26/03/24 11:00:00,A,VI_PPS_EU27_2020_HAB,GDP,CZ,2014,88,
ESTAT:TEC00114(1.0),26/03/24 11:00:00,A,VI_PPS_EU27_2020_HAB,GDP,CZ,2015,89,
ESTAT:TEC00114(1.0),26/03/24 11:00:00,A,VI_PPS_EU27_2020_HAB,GDP,CZ,2016,89,
ESTAT:TEC00114(1.0),26/03/24 11:00:00,A,VI_PPS_EU27_2020_HAB,GDP,CZ,2017,91,
ESTAT:TEC00114(1.0),26/03/24 11:00:00,A,VI_PPS_EU27_2020_HAB,GDP,CZ,2018,92,
ESTAT:TEC00114(1.0),26/03/24 11:00:00,A,VI_PPS_EU27_2020_HAB,GDP,CZ,2019,93,
ESTAT:TEC00114(1.0),26/03/24 11:00:00,A,VI_PPS_EU27_2020_HAB,GDP,CZ,2020,93,
ESTAT:TEC00114(1.0),26/03/24 11:00:00,A,VI_PPS_EU27_2020_HAB,GDP,CZ,2021,92,
ESTAT:TEC00114(1.0),26/03/24 11:00:00,A,VI_PPS_EU27_2020_HAB,GDP,CZ,2022,90,
ESTAT:TEC00114(1.0),26/03/24 11:00:00,A,VI_PPS_EU27_2020_HAB,GDP,CZ,2023,91,p
ESTAT:TEC00114(1.0),26/03/24 11:00:00,A,VI_PPS_EU27_2020_HAB,GDP,DE,2012,124,
ESTAT:TEC00114(1.0),26/03/24 11:00:00,A,VI_PPS_EU27_2020_HAB,GDP,DE,2013,125,
ESTAT:TEC00114(1.0),26/03/24 11:00:00,A,VI_PPS_EU27_2020_HAB,GDP,DE,2014,127,
ESTAT:TEC00114(1.0),26/03/24 11:00:00,A,VI_PPS_EU27_2020_HAB,GDP,DE,2015,124,
ESTAT:TEC00114(1.0),26/03/24 11:00:00,A,VI_PPS_EU27_2020_HAB,GDP,DE,2016,125,
ESTAT:TEC00114(1.0),26/03/24 11:00:00,A,VI_PPS_EU27_2020_HAB,GDP,DE,2017,124,
ESTAT:TEC00114(1.0),26/03/24 11:00:00,A,VI_PPS_EU27_2020_HAB,GDP,DE,2018,124,
ESTAT:TEC00114(1.0),26/03/24 11:00:00,A,VI_PPS_EU27_2020_HAB,GDP,DE,2019,121,
ESTAT:TEC00114(1.0),26/03/24 11:00:00,A,VI_PPS_EU27_2020_HAB,GDP,DE,2020,123,
ESTAT:TEC00114(1.0),26/03/24 11:00:00,A,VI_PPS_EU27_2020_HAB,GDP,DE,2021,119,
ESTAT:TEC00114(1.0),26/03/24 11:00:00,A,VI_PPS_EU27_2020_HAB,GDP,DE,2022,117,
ESTAT:TEC00114(1.0),26/03/24 11:00:00,A,VI_PPS_EU27_2020_HAB,GDP,DE,2023,115,p
ESTAT:TEC00114(1.0),26/03/24 11:00:00,A,VI_PPS_EU27_2020_HAB,GDP,DK,2012,128,
ESTAT:TEC00114(1.0),26/03/24 11:00:00,A,VI_PPS_EU27_2020_HAB,GDP,DK,2013,130,
ESTAT:TEC00114(1.0),26/03/24 11:00:00,A,VI_PPS_EU27_2020_HAB,GDP,DK,2014,129,
ESTAT:TEC00114(1.0),26/03/24 11:00:00,A,VI_PPS_EU27_2020_HAB,GDP,DK,2015,128,
ESTAT:TEC00114(1.0),26/03/24 11:00:00,A,VI_PPS_EU27_2020_HAB,GDP,DK,2016,128,
ESTAT:TEC00114(1.0),26/03/24 11:00:00,A,VI_PPS_EU27_2020_HAB,GDP,DK,2017,130,
ESTAT:TEC00114(1.0),26/03/24 11:00:00,A,VI_PPS_EU27_2020_HAB,GDP,DK,2018,129,
ESTAT:TEC00114(1.0),26/03/24 11:00:00,A,VI_PPS_EU27_2020_HAB,GDP,DK,2019,126,
ESTAT:TEC00114(1.0),26/03/24 11:00:00,A,VI_PPS_EU27_2020_HAB,GDP,DK,2020,133,
ESTAT:TEC00114(1.0),26/03/24 11:00:00,A,VI_PPS_EU27_2020_HAB,GDP,DK,2021,135,
ESTAT:TEC00114(1.0),26/03/24 11:00:00,A,VI_PPS_EU27_2020_HAB,GDP,DK,2022,136,
ESTAT:TEC00114(1.0),26/03/24 11:00:00,A,VI_PPS_EU27_2020_HAB,GDP,DK,2023,128,p
ESTAT:TEC00114(1.0),26/03/24 11:00:00,A,VI_PPS_EU27_2020_HAB,GDP,EA19,2012,108,
ESTAT:TEC00114(1.0),26/03/24 11:00:00,A,VI_PPS_EU27_2020_HAB,GDP,EA19,2013,108,
ESTAT:TEC00114(1.0),26/03/24 11:00:00,A,VI_PPS_EU27_2020_HAB,GDP,EA19,2014,108,
ESTAT:TEC00114(1.0),26/03/24 11:00:00,A,VI_PPS_EU27_2020_HAB,GDP,EA19,2015,108,
ESTAT:TEC00114(1.0),26/03/24 11:00:00,A,VI_PPS_EU27_2020_HAB,GDP,EA19,2016,108,
ESTAT:TEC00114(1.0),26/03/24 11:00:00,A,VI_PPS_EU27_2020_HAB,GDP,EA19,2017,107,
ESTAT:TEC00114(1.0),26/03/24 11:00:00,A,VI_PPS_EU27_2020_HAB,GDP,EA19,2018,107,
ESTAT:TEC00114(1.0),26/03/24 11:00:00,A,VI_PPS_EU27_2020_HAB,GDP,EA19,2019,106,
ESTAT:TEC00114(1.0),26/03/24 11:00:00,A,VI_PPS_EU27_2020_HAB,GDP,EA19,2020,105,
ESTAT:TEC00114(1.0),26/03/24 11:00:00,A,VI_PPS_EU27_2020_HAB,GDP,EA19,2021,105,
ESTAT:TEC00114(1.0),26/03/24 11:00:00,A,VI_PPS_EU27_2020_HAB,GDP,EA19,2022,104,
ESTAT:TEC00114(1.0),26/03/24 11:00:00,A,VI_PPS_EU27_2020_HAB,GDP,EA19,2023,104,p
ESTAT:TEC00114(1.0),26/03/24 11:00:00,A,VI_PPS_EU27_2020_HAB,GDP,EA20,2012,108,
ESTAT:TEC00114(1.0),26/03/24 11:00:00,A,VI_PPS_EU27_2020_HAB,GDP,EA20,2013,108,
ESTAT:TEC00114(1.0),26/03/24 11:00:00,A,VI_PPS_EU27_2020_HAB,GDP,EA20,2014,107,
ESTAT:TEC00114(1.0),26/03/24 11:00:00,A,VI_PPS_EU27_2020_HAB,GDP,EA20,2015,107,
ESTAT:TEC00114(1.0),26/03/24 11:00:00,A,VI_PPS_EU27_2020_HAB,GDP,EA20,2016,107,
ESTAT:TEC00114(1.0),26/03/24 11:00:00,A,VI_PPS_EU27_2020_HAB,GDP,EA20,2017,107,
ESTAT:TEC00114(1.0),26/03/24 11:00:00,A,VI_PPS_EU27_2020_HAB,GDP,EA20,2018,106,
ESTAT:TEC00114(1.0),26/03/24 11:00:00,A,VI_PPS_EU27_2020_HAB,GDP,EA20,2019,106,
ESTAT:TEC00114(1.0),26/03/24 11:00:00,A,VI_PPS_EU27_2020_HAB,GDP,EA20,2020,105,
ESTAT:TEC00114(1.0),26/03/24 11:00:00,A,VI_PPS_EU27_2020_HAB,GDP,EA20,2021,105,
ESTAT:TEC00114(1.0),26/03/24 11:00:00,A,VI_PPS_EU27_2020_HAB,GDP,EA20,2022,104,
ESTAT:TEC00114(1.0),26/03/24 11:00:00,A,VI_PPS_EU27_2020_HAB,GDP,EA20,2023,104,p
ESTAT:TEC00114(1.0),26/03/24 11:00:00,A,VI_PPS_EU27_2020_HAB,GDP,EE,2012,74,
ESTAT:TEC00114(1.0),26/03/24 11:00:00,A,VI_PPS_EU27_2020_HAB,GDP,EE,2013,76,
ESTAT:TEC00114(1.0),26/03/24 11:00:00,A,VI_PPS_EU27_2020_HAB,GDP,EE,2014,78,
ESTAT:TEC00114(1.0),26/03/24 11:00:00,A,VI_PPS_EU27_2020_HAB,GDP,EE,2015,76,
ESTAT:TEC00114(1.0),26/03/24 11:00:00,A,VI_PPS_EU27_2020_HAB,GDP,EE,2016,77,
ESTAT:TEC00114(1.0),26/03/24 11:00:00,A,VI_PPS_EU27_2020_HAB,GDP,EE,2017,79,
ESTAT:TEC00114(1.0),26/03/24 11:00:00,A,VI_PPS_EU27_2020_HAB,GDP,EE,2018,82,
ESTAT:TEC00114(1.0),26/03/24 11:00:00,A,VI_PPS_EU27_2020_HAB,GDP,EE,2019,83,
ESTAT:TEC00114(1.0),26/03/24 11:00:00,A,VI_PPS_EU27_2020_HAB,GDP,EE,2020,85,
ESTAT:TEC00114(1.0),26/03/24 11:00:00,A,VI_PPS_EU27_2020_HAB,GDP,EE,2021,86,
ESTAT:TEC00114(1.0),26/03/24 11:00:00,A,VI_PPS_EU27_2020_HAB,GDP,EE,2022,85,
ESTAT:TEC00114(1.0),26/03/24 11:00:00,A,VI_PPS_EU27_2020_HAB,GDP,EE,2023,81,p
ESTAT:TEC00114(1.0),26/03/24 11:00:00,A,VI_PPS_EU27_2020_HAB,GDP,EL,2012,71,
ESTAT:TEC00114(1.0),26/03/24 11:00:00,A,VI_PPS_EU27_2020_HAB,GDP,EL,2013,72,
ESTAT:TEC00114(1.0),26/03/24 11:00:00,A,VI_PPS_EU27_2020_HAB,GDP,EL,2014,72,
ESTAT:TEC00114(1.0),26/03/24 11:00:00,A,VI_PPS_EU27_2020_HAB,GDP,EL,2015,70,
ESTAT:TEC00114(1.0),26/03/24 11:00:00,A,VI_PPS_EU27_2020_HAB,GDP,EL,2016,68,
ESTAT:TEC00114(1.0),26/03/24 11:00:00,A,VI_PPS_EU27_2020_HAB,GDP,EL,2017,67,
ESTAT:TEC00114(1.0),26/03/24 11:00:00,A,VI_PPS_EU27_2020_HAB,GDP,EL,2018,66,
ESTAT:TEC00114(1.0),26/03/24 11:00:00,A,VI_PPS_EU27_2020_HAB,GDP,EL,2019,66,
ESTAT:TEC00114(1.0),26/03/24 11:00:00,A,VI_PPS_EU27_2020_HAB,GDP,EL,2020,62,
ESTAT:TEC00114(1.0),26/03/24 11:00:00,A,VI_PPS_EU27_2020_HAB,GDP,EL,2021,63,
ESTAT:TEC00114(1.0),26/03/24 11:00:00,A,VI_PPS_EU27_2020_HAB,GDP,EL,2022,67,
ESTAT:TEC00114(1.0),26/03/24 11:00:00,A,VI_PPS_EU27_2020_HAB,GDP,EL,2023,67,p
ESTAT:TEC00114(1.0),26/03/24 11:00:00,A,VI_PPS_EU27_2020_HAB,GDP,ES,2012,91,
ESTAT:TEC00114(1.0),26/03/24 11:00:00,A,VI_PPS_EU27_2020_HAB,GDP,ES,2013,90,
ESTAT:TEC00114(1.0),26/03/24 11:00:00,A,VI_PPS_EU27_2020_HAB,GDP,ES,2014,90,
ESTAT:TEC00114(1.0),26/03/24 11:00:00,A,VI_PPS_EU27_2020_HAB,GDP,ES,2015,91,
ESTAT:TEC00114(1.0),26/03/24 11:00:00,A,VI_PPS_EU27_2020_HAB,GDP,ES,2016,92,
ESTAT:TEC00114(1.0),26/03/24 11:00:00,A,VI_PPS_EU27_2020_HAB,GDP,ES,2017,93,
ESTAT:TEC00114(1.0),26/03/24 11:00:00,A,VI_PPS_EU27_2020_HAB,GDP,ES,2018,91,
ESTAT:TEC00114(1.0),26/03/24 11:00:00,A,VI_PPS_EU27_2020_HAB,GDP,ES,2019,91,
ESTAT:TEC00114(1.0),26/03/24 11:00:00,A,VI_PPS_EU27_2020_HAB,GDP,ES,2020,83,
ESTAT:TEC00114(1.0),26/03/24 11:00:00,A,VI_PPS_EU27_2020_HAB,GDP,ES,2021,84,
ESTAT:TEC00114(1.0),26/03/24 11:00:00,A,VI_PPS_EU27_2020_HAB,GDP,ES,2022,86,
ESTAT:TEC00114(1.0),26/03/24 11:00:00,A,VI_PPS_EU27_2020_HAB,GDP,ES,2023,89,p
ESTAT:TEC00114(1.0),26/03/24 11:00:00,A,VI_PPS_EU27_2020_HAB,GDP,EU27_2020,2012,100,
ESTAT:TEC00114(1.0),26/03/24 11:00:00,A,VI_PPS_EU27_2020_HAB,GDP,EU27_2020,2013,100,
ESTAT:TEC00114(1.0),26/03/24 11:00:00,A,VI_PPS_EU27_2020_HAB,GDP,EU27_2020,2014,100,
ESTAT:TEC00114(1.0),26/03/24 11:00:00,A,VI_PPS_EU27_2020_HAB,GDP,EU27_2020,2015,100,
ESTAT:TEC00114(1.0),26/03/24 11:00:00,A,VI_PPS_EU27_2020_HAB,GDP,EU27_2020,2016,100,
ESTAT:TEC00114(1.0),26/03/24 11:00:00,A,VI_PPS_EU27_2020_HAB,GDP,EU27_2020,2017,100,
ESTAT:TEC00114(1.0),26/03/24 11:00:00,A,VI_PPS_EU27_2020_HAB,GDP,EU27_2020,2018,100,
ESTAT:TEC00114(1.0),26/03/24 11:00:00,A,VI_PPS_EU27_2020_HAB,GDP,EU27_2020,2019,100,
ESTAT:TEC00114(1.0),26/03/24 11:00:00,A,VI_PPS_EU27_2020_HAB,GDP,EU27_2020,2020,100,
ESTAT:TEC00114(1.0),26/03/24 11:00:00,A,VI_PPS_EU27_2020_HAB,GDP,EU27_2020,2021,100,
ESTAT:TEC00114(1.0),26/03/24 11:00:00,A,VI_PPS_EU27_2020_HAB,GDP,EU27_2020,2022,100,
ESTAT:TEC00114(1.0),26/03/24 11:00:00,A,VI_PPS_EU27_2020_HAB,GDP,EU27_2020,2023,100,p
ESTAT:TEC00114(1.0),26/03/24 11:00:00,A,VI_PPS_EU27_2020_HAB,GDP,FI,2012,117,
ESTAT:TEC00114(1.0),26/03/24 11:00:00,A,VI_PPS_EU27_2020_HAB,GDP,FI,2013,115,
ESTAT:TEC00114(1.0),26/03/24 11:00:00,A,VI_PPS_EU27_2020_HAB,GDP,FI,2014,113,
ESTAT:TEC00114(1.0),26/03/24 11:00:00,A,VI_PPS_EU27_2020_HAB,GDP,FI,2015,111,
ESTAT:TEC00114(1.0),26/03/24 11:00:00,A,VI_PPS_EU27_2020_HAB,GDP,FI,2016,111,
ESTAT:TEC00114(1.0),26/03/24 11:00:00,A,VI_PPS_EU27_2020_HAB,GDP,FI,2017,111,
ESTAT:TEC00114(1.0),26/03/24 11:00:00,A,VI_PPS_EU27_2020_HAB,GDP,FI,2018,111,
ESTAT:TEC00114(1.0),26/03/24 11:00:00,A,VI_PPS_EU27_2020_HAB,GDP,FI,2019,109,
ESTAT:TEC00114(1.0),26/03/24 11:00:00,A,VI_PPS_EU27_2020_HAB,GDP,FI,2020,114,
ESTAT:TEC00114(1.0),26/03/24 11:00:00,A,VI_PPS_EU27_2020_HAB,GDP,FI,2021,112,
ESTAT:TEC00114(1.0),26/03/24 11:00:00,A,VI_PPS_EU27_2020_HAB,GDP,FI,2022,110,
ESTAT:TEC00114(1.0),26/03/24 11:00:00,A,VI_PPS_EU27_2020_HAB,GDP,FI,2023,108,p
ESTAT:TEC00114(1.0),26/03/24 11:00:00,A,VI_PPS_EU27_2020_HAB,GDP,FR,2012,108,
ESTAT:TEC00114(1.0),26/03/24 11:00:00,A,VI_PPS_EU27_2020_HAB,GDP,FR,2013,110,
ESTAT:TEC00114(1.0),26/03/24 11:00:00,A,VI_PPS_EU27_2020_HAB,GDP,FR,2014,108,
ESTAT:TEC00114(1.0),26/03/24 11:00:00,A,VI_PPS_EU27_2020_HAB,GDP,FR,2015,107,
ESTAT:TEC00114(1.0),26/03/24 11:00:00,A,VI_PPS_EU27_2020_HAB,GDP,FR,2016,106,
ESTAT:TEC00114(1.0),26/03/24 11:00:00,A,VI_PPS_EU27_2020_HAB,GDP,FR,2017,104,
ESTAT:TEC00114(1.0),26/03/24 11:00:00,A,VI_PPS_EU27_2020_HAB,GDP,FR,2018,104,
ESTAT:TEC00114(1.0),26/03/24 11:00:00,A,VI_PPS_EU27_2020_HAB,GDP,FR,2019,106,
ESTAT:TEC00114(1.0),26/03/24 11:00:00,A,VI_PPS_EU27_2020_HAB,GDP,FR,2020,105,
ESTAT:TEC00114(1.0),26/03/24 11:00:00,A,VI_PPS_EU27_2020_HAB,GDP,FR,2021,103,
ESTAT:TEC00114(1.0),26/03/24 11:00:00,A,VI_PPS_EU27_2020_HAB,GDP,FR,2022,100,
ESTAT:TEC00114(1.0),26/03/24 11:00:00,A,VI_PPS_EU27_2020_HAB,GDP,FR,2023,101,p
ESTAT:TEC00114(1.0),26/03/24 11:00:00,A,VI_PPS_EU27_2020_HAB,GDP,HR,2012,62,
ESTAT:TEC00114(1.0),26/03/24 11:00:00,A,VI_PPS_EU27_2020_HAB,GDP,HR,2013,62,
ESTAT:TEC00114(1.0),26/03/24 11:00:00,A,VI_PPS_EU27_2020_HAB,GDP,HR,2014,60,
ESTAT:TEC00114(1.0),26/03/24 11:00:00,A,VI_PPS_EU27_2020_HAB,GDP,HR,2015,61,
ESTAT:TEC00114(1.0),26/03/24 11:00:00,A,VI_PPS_EU27_2020_HAB,GDP,HR,2016,62,
ESTAT:TEC00114(1.0),26/03/24 11:00:00,A,VI_PPS_EU27_2020_HAB,GDP,HR,2017,64,
ESTAT:TEC00114(1.0),26/03/24 11:00:00,A,VI_PPS_EU27_2020_HAB,GDP,HR,2018,65,
ESTAT:TEC00114(1.0),26/03/24 11:00:00,A,VI_PPS_EU27_2020_HAB,GDP,HR,2019,67,
ESTAT:TEC00114(1.0),26/03/24 11:00:00,A,VI_PPS_EU27_2020_HAB,GDP,HR,2020,65,
ESTAT:TEC00114(1.0),26/03/24 11:00:00,A,VI_PPS_EU27_2020_HAB,GDP,HR,2021,70,
ESTAT:TEC00114(1.0),26/03/24 11:00:00,A,VI_PPS_EU27_2020_HAB,GDP,HR,2022,73,
ESTAT:TEC00114(1.0),26/03/24 11:00:00,A,VI_PPS_EU27_2020_HAB,GDP,HR,2023,76,p
ESTAT:TEC00114(1.0),26/03/24 11:00:00,A,VI_PPS_EU27_2020_HAB,GDP,HU,2012,67,
ESTAT:TEC00114(1.0),26/03/24 11:00:00,A,VI_PPS_EU27_2020_HAB,GDP,HU,2013,68,
ESTAT:TEC00114(1.0),26/03/24 11:00:00,A,VI_PPS_EU27_2020_HAB,GDP,HU,2014,69,
ESTAT:TEC00114(1.0),26/03/24 11:00:00,A,VI_PPS_EU27_2020_HAB,GDP,HU,2015,70,
ESTAT:TEC00114(1.0),26/03/24 11:00:00,A,VI_PPS_EU27_2020_HAB,GDP,HU,2016,69,
ESTAT:TEC00114(1.0),26/03/24 11:00:00,A,VI_PPS_EU27_2020_HAB,GDP,HU,2017,69,
ESTAT:TEC00114(1.0),26/03/24 11:00:00,A,VI_PPS_EU27_2020_HAB,GDP,HU,2018,71,
ESTAT:TEC00114(1.0),26/03/24 11:00:00,A,VI_PPS_EU27_2020_HAB,GDP,HU,2019,73,
ESTAT:TEC00114(1.0),26/03/24 11:00:00,A,VI_PPS_EU27_2020_HAB,GDP,HU,2020,74,
ESTAT:TEC00114(1.0),26/03/24 11:00:00,A,VI_PPS_EU27_2020_HAB,GDP,HU,2021,75,
ESTAT:TEC00114(1.0),26/03/24 11:00:00,A,VI_PPS_EU27_2020_HAB,GDP,HU,2022,76,
ESTAT:TEC00114(1.0),26/03/24 11:00:00,A,VI_PPS_EU27_2020_HAB,GDP,HU,2023,76,p
ESTAT:TEC00114(1.0),26/03/24 11:00:00,A,VI_PPS_EU27_2020_HAB,GDP,IE,2012,133,
ESTAT:TEC00114(1.0),26/03/24 11:00:00,A,VI_PPS_EU27_2020_HAB,GDP,IE,2013,133,
ESTAT:TEC00114(1.0),26/03/24 11:00:00,A,VI_PPS_EU27_2020_HAB,GDP,IE,2014,138,
ESTAT:TEC00114(1.0),26/03/24 11:00:00,A,VI_PPS_EU27_2020_HAB,GDP,IE,2015,181,
ESTAT:TEC00114(1.0),26/03/24 11:00:00,A,VI_PPS_EU27_2020_HAB,GDP,IE,2016,176,
ESTAT:TEC00114(1.0),26/03/24 11:00:00,A,VI_PPS_EU27_2020_HAB,GDP,IE,2017,183,
ESTAT:TEC00114(1.0),26/03/24 11:00:00,A,VI_PPS_EU27_2020_HAB,GDP,IE,2018,190,
ESTAT:TEC00114(1.0),26/03/24 11:00:00,A,VI_PPS_EU27_2020_HAB,GDP,IE,2019,189,
ESTAT:TEC00114(1.0),26/03/24 11:00:00,A,VI_PPS_EU27_2020_HAB,GDP,IE,2020,207,
ESTAT:TEC00114(1.0),26/03/24 11:00:00,A,VI_PPS_EU27_2020_HAB,GDP,IE,2021,221,
ESTAT:TEC00114(1.0),26/03/24 11:00:00,A,VI_PPS_EU27_2020_HAB,GDP,IE,2022,235,
ESTAT:TEC00114(1.0),26/03/24 11:00:00,A,VI_PPS_EU27_2020_HAB,GDP,IE,2023,212,p
ESTAT:TEC00114(1.0),26/03/24 11:00:00,A,VI_PPS_EU27_2020_HAB,GDP,IS,2012,120,
ESTAT:TEC00114(1.0),26/03/24 11:00:00,A,VI_PPS_EU27_2020_HAB,GDP,IS,2013,123,
ESTAT:TEC00114(1.0),26/03/24 11:00:00,A,VI_PPS_EU27_2020_HAB,GDP,IS,2014,124,
ESTAT:TEC00114(1.0),26/03/24 11:00:00,A,VI_PPS_EU27_2020_HAB,GDP,IS,2015,129,
ESTAT:TEC00114(1.0),26/03/24 11:00:00,A,VI_PPS_EU27_2020_HAB,GDP,IS,2016,132,
ESTAT:TEC00114(1.0),26/03/24 11:00:00,A,VI_PPS_EU27_2020_HAB,GDP,IS,2017,130,
ESTAT:TEC00114(1.0),26/03/24 11:00:00,A,VI_PPS_EU27_2020_HAB,GDP,IS,2018,128,
ESTAT:TEC00114(1.0),26/03/24 11:00:00,A,VI_PPS_EU27_2020_HAB,GDP,IS,2019,126,
ESTAT:TEC00114(1.0),26/03/24 11:00:00,A,VI_PPS_EU27_2020_HAB,GDP,IS,2020,118,
ESTAT:TEC00114(1.0),26/03/24 11:00:00,A,VI_PPS_EU27_2020_HAB,GDP,IS,2021,119,
ESTAT:TEC00114(1.0),26/03/24 11:00:00,A,VI_PPS_EU27_2020_HAB,GDP,IS,2022,126,
ESTAT:TEC00114(1.0),26/03/24 11:00:00,A,VI_PPS_EU27_2020_HAB,GDP,IT,2012,103,
ESTAT:TEC00114(1.0),26/03/24 11:00:00,A,VI_PPS_EU27_2020_HAB,GDP,IT,2013,101,
ESTAT:TEC00114(1.0),26/03/24 11:00:00,A,VI_PPS_EU27_2020_HAB,GDP,IT,2014,98,
ESTAT:TEC00114(1.0),26/03/24 11:00:00,A,VI_PPS_EU27_2020_HAB,GDP,IT,2015,97,
ESTAT:TEC00114(1.0),26/03/24 11:00:00,A,VI_PPS_EU27_2020_HAB,GDP,IT,2016,99,
ESTAT:TEC00114(1.0),26/03/24 11:00:00,A,VI_PPS_EU27_2020_HAB,GDP,IT,2017,98,
ESTAT:TEC00114(1.0),26/03/24 11:00:00,A,VI_PPS_EU27_2020_HAB,GDP,IT,2018,97,
ESTAT:TEC00114(1.0),26/03/24 11:00:00,A,VI_PPS_EU27_2020_HAB,GDP,IT,2019,97,
ESTAT:TEC00114(1.0),26/03/24 11:00:00,A,VI_PPS_EU27_2020_HAB,GDP,IT,2020,94,
ESTAT:TEC00114(1.0),26/03/24 11:00:00,A,VI_PPS_EU27_2020_HAB,GDP,IT,2021,96,
ESTAT:TEC00114(1.0),26/03/24 11:00:00,A,VI_PPS_EU27_2020_HAB,GDP,IT,2022,97,
ESTAT:TEC00114(1.0),26/03/24 11:00:00,A,VI_PPS_EU27_2020_HAB,GDP,IT,2023,97,p
ESTAT:TEC00114(1.0),26/03/24 11:00:00,A,VI_PPS_EU27_2020_HAB,GDP,JP,2012,108,
ESTAT:TEC00114(1.0),26/03/24 11:00:00,A,VI_PPS_EU27_2020_HAB,GDP,JP,2013,109,
ESTAT:TEC00114(1.0),26/03/24 11:00:00,A,VI_PPS_EU27_2020_HAB,GDP,JP,2014,107,
ESTAT:TEC00114(1.0),26/03/24 11:00:00,A,VI_PPS_EU27_2020_HAB,GDP,JP,2015,107,
ESTAT:TEC00114(1.0),26/03/24 11:00:00,A,VI_PPS_EU27_2020_HAB,GDP,JP,2016,100,
ESTAT:TEC00114(1.0),26/03/24 11:00:00,A,VI_PPS_EU27_2020_HAB,GDP,JP,2017,97,
ESTAT:TEC00114(1.0),26/03/24 11:00:00,A,VI_PPS_EU27_2020_HAB,GDP,JP,2018,95,
ESTAT:TEC00114(1.0),26/03/24 11:00:00,A,VI_PPS_EU27_2020_HAB,GDP,JP,2019,89,
ESTAT:TEC00114(1.0),26/03/24 11:00:00,A,VI_PPS_EU27_2020_HAB,GDP,JP,2020,90,
ESTAT:TEC00114(1.0),26/03/24 11:00:00,A,VI_PPS_EU27_2020_HAB,GDP,JP,2021,86,
ESTAT:TEC00114(1.0),26/03/24 11:00:00,A,VI_PPS_EU27_2020_HAB,GDP,JP,2022,82,
ESTAT:TEC00114(1.0),26/03/24 11:00:00,A,VI_PPS_EU27_2020_HAB,GDP,LT,2012,71,
ESTAT:TEC00114(1.0),26/03/24 11:00:00,A,VI_PPS_EU27_2020_HAB,GDP,LT,2013,74,
ESTAT:TEC00114(1.0),26/03/24 11:00:00,A,VI_PPS_EU27_2020_HAB,GDP,LT,2014,76,
ESTAT:TEC00114(1.0),26/03/24 11:00:00,A,VI_PPS_EU27_2020_HAB,GDP,LT,2015,75,
ESTAT:TEC00114(1.0),26/03/24 11:00:00,A,VI_PPS_EU27_2020_HAB,GDP,LT,2016,76,
ESTAT:TEC00114(1.0),26/03/24 11:00:00,A,VI_PPS_EU27_2020_HAB,GDP,LT,2017,79,
ESTAT:TEC00114(1.0),26/03/24 11:00:00,A,VI_PPS_EU27_2020_HAB,GDP,LT,2018,81,
ESTAT:TEC00114(1.0),26/03/24 11:00:00,A,VI_PPS_EU27_2020_HAB,GDP,LT,2019,84,
ESTAT:TEC00114(1.0),26/03/24 11:00:00,A,VI_PPS_EU27_2020_HAB,GDP,LT,2020,88,
ESTAT:TEC00114(1.0),26/03/24 11:00:00,A,VI_PPS_EU27_2020_HAB,GDP,LT,2021,89,
ESTAT:TEC00114(1.0),26/03/24 11:00:00,A,VI_PPS_EU27_2020_HAB,GDP,LT,2022,89,
ESTAT:TEC00114(1.0),26/03/24 11:00:00,A,VI_PPS_EU27_2020_HAB,GDP,LT,2023,87,p
ESTAT:TEC00114(1.0),26/03/24 11:00:00,A,VI_PPS_EU27_2020_HAB,GDP,LU,2012,277,
ESTAT:TEC00114(1.0),26/03/24 11:00:00,A,VI_PPS_EU27_2020_HAB,GDP,LU,2013,280,
ESTAT:TEC00114(1.0),26/03/24 11:00:00,A,VI_PPS_EU27_2020_HAB,GDP,LU,2014,284,
ESTAT:TEC00114(1.0),26/03/24 11:00:00,A,VI_PPS_EU27_2020_HAB,GDP,LU,2015,282,
ESTAT:TEC00114(1.0),26/03/24 11:00:00,A,VI_PPS_EU27_2020_HAB,GDP,LU,2016,279,
ESTAT:TEC00114(1.0),26/03/24 11:00:00,A,VI_PPS_EU27_2020_HAB,GDP,LU,2017,269,
ESTAT:TEC00114(1.0),26/03/24 11:00:00,A,VI_PPS_EU27_2020_HAB,GDP,LU,2018,261,
ESTAT:TEC00114(1.0),26/03/24 11:00:00,A,VI_PPS_EU27_2020_HAB,GDP,LU,2019,252,
ESTAT:TEC00114(1.0),26/03/24 11:00:00,A,VI_PPS_EU27_2020_HAB,GDP,LU,2020,260,
ESTAT:TEC00114(1.0),26/03/24 11:00:00,A,VI_PPS_EU27_2020_HAB,GDP,LU,2021,266,
ESTAT:TEC00114(1.0),26/03/24 11:00:00,A,VI_PPS_EU27_2020_HAB,GDP,LU,2022,256,
ESTAT:TEC00114(1.0),26/03/24 11:00:00,A,VI_PPS_EU27_2020_HAB,GDP,LU,2023,240,p
ESTAT:TEC00114(1.0),26/03/24 11:00:00,A,VI_PPS_EU27_2020_HAB,GDP,LV,2012,61,
ESTAT:TEC00114(1.0),26/03/24 11:00:00,A,VI_PPS_EU27_2020_HAB,GDP,LV,2013,63,
ESTAT:TEC00114(1.0),26/03/24 11:00:00,A,VI_PPS_EU27_2020_HAB,GDP,LV,2014,64,
ESTAT:TEC00114(1.0),26/03/24 11:00:00,A,VI_PPS_EU27_2020_HAB,GDP,LV,2015,65,
ESTAT:TEC00114(1.0),26/03/24 11:00:00,A,VI_PPS_EU27_2020_HAB,GDP,LV,2016,66,
ESTAT:TEC00114(1.0),26/03/24 11:00:00,A,VI_PPS_EU27_2020_HAB,GDP,LV,2017,67,
ESTAT:TEC00114(1.0),26/03/24 11:00:00,A,VI_PPS_EU27_2020_HAB,GDP,LV,2018,69,
ESTAT:TEC00114(1.0),26/03/24 11:00:00,A,VI_PPS_EU27_2020_HAB,GDP,LV,2019,69,
ESTAT:TEC00114(1.0),26/03/24 11:00:00,A,VI_PPS_EU27_2020_HAB,GDP,LV,2020,72,
ESTAT:TEC00114(1.0),26/03/24 11:00:00,A,VI_PPS_EU27_2020_HAB,GDP,LV,2021,71,
ESTAT:TEC00114(1.0),26/03/24 11:00:00,A,VI_PPS_EU27_2020_HAB,GDP,LV,2022,73,
ESTAT:TEC00114(1.0),26/03/24 11:00:00,A,VI_PPS_EU27_2020_HAB,GDP,LV,2023,71,p
ESTAT:TEC00114(1.0),26/03/24 11:00:00,A,VI_PPS_EU27_2020_HAB,GDP,ME,2012,40,
ESTAT:TEC00114(1.0),26/03/24 11:00:00,A,VI_PPS_EU27_2020_HAB,GDP,ME,2013,41,
ESTAT:TEC00114(1.0),26/03/24 11:00:00,A,VI_PPS_EU27_2020_HAB,GDP,ME,2014,41,
ESTAT:TEC00114(1.0),26/03/24 11:00:00,A,VI_PPS_EU27_2020_HAB,GDP,ME,2015,43,
ESTAT:TEC00114(1.0),26/03/24 11:00:00,A,VI_PPS_EU27_2020_HAB,GDP,ME,2016,45,
ESTAT:TEC00114(1.0),26/03/24 11:00:00,A,VI_PPS_EU27_2020_HAB,GDP,ME,2017,46,
ESTAT:TEC00114(1.0),26/03/24 11:00:00,A,VI_PPS_EU27_2020_HAB,GDP,ME,2018,48,
ESTAT:TEC00114(1.0),26/03/24 11:00:00,A,VI_PPS_EU27_2020_HAB,GDP,ME,2019,50,
ESTAT:TEC00114(1.0),26/03/24 11:00:00,A,VI_PPS_EU27_2020_HAB,GDP,ME,2020,45,
ESTAT:TEC00114(1.0),26/03/24 11:00:00,A,VI_PPS_EU27_2020_HAB,GDP,ME,2021,47,
ESTAT:TEC00114(1.0),26/03/24 11:00:00,A,VI_PPS_EU27_2020_HAB,GDP,ME,2022,50,
ESTAT:TEC00114(1.0),26/03/24 11:00:00,A,VI_PPS_EU27_2020_HAB,GDP,MK,2012,34,
ESTAT:TEC00114(1.0),26/03/24 11:00:00,A,VI_PPS_EU27_2020_HAB,GDP,MK,2013,35,
ESTAT:TEC00114(1.0),26/03/24 11:00:00,A,VI_PPS_EU27_2020_HAB,GDP,MK,2014,36,
ESTAT:TEC00114(1.0),26/03/24 11:00:00,A,VI_PPS_EU27_2020_HAB,GDP,MK,2015,36,
ESTAT:TEC00114(1.0),26/03/24 11:00:00,A,VI_PPS_EU27_2020_HAB,GDP,MK,2016,37,
ESTAT:TEC00114(1.0),26/03/24 11:00:00,A,VI_PPS_EU27_2020_HAB,GDP,MK,2017,37,
ESTAT:TEC00114(1.0),26/03/24 11:00:00,A,VI_PPS_EU27_2020_HAB,GDP,MK,2018,38,
ESTAT:TEC00114(1.0),26/03/24 11:00:00,A,VI_PPS_EU27_2020_HAB,GDP,MK,2019,38,
ESTAT:TEC00114(1.0),26/03/24 11:00:00,A,VI_PPS_EU27_2020_HAB,GDP,MK,2020,38,
ESTAT:TEC00114(1.0),26/03/24 11:00:00,A,VI_PPS_EU27_2020_HAB,GDP,MK,2021,41,
ESTAT:TEC00114(1.0),26/03/24 11:00:00,A,VI_PPS_EU27_2020_HAB,GDP,MK,2022,42,
ESTAT:TEC00114(1.0),26/03/24 11:00:00,A,VI_PPS_EU27_2020_HAB,GDP,MT,2012,87,
ESTAT:TEC00114(1.0),26/03/24 11:00:00,A,VI_PPS_EU27_2020_HAB,GDP,MT,2013,90,
ESTAT:TEC00114(1.0),26/03/24 11:00:00,A,VI_PPS_EU27_2020_HAB,GDP,MT,2014,93,
ESTAT:TEC00114(1.0),26/03/24 11:00:00,A,VI_PPS_EU27_2020_HAB,GDP,MT,2015,98,
ESTAT:TEC00114(1.0),26/03/24 11:00:00,A,VI_PPS_EU27_2020_HAB,GDP,MT,2016,98,
ESTAT:TEC00114(1.0),26/03/24 11:00:00,A,VI_PPS_EU27_2020_HAB,GDP,MT,2017,102,
ESTAT:TEC00114(1.0),26/03/24 11:00:00,A,VI_PPS_EU27_2020_HAB,GDP,MT,2018,103,
ESTAT:TEC00114(1.0),26/03/24 11:00:00,A,VI_PPS_EU27_2020_HAB,GDP,MT,2019,104,
ESTAT:TEC00114(1.0),26/03/24 11:00:00,A,VI_PPS_EU27_2020_HAB,GDP,MT,2020,99,
ESTAT:TEC00114(1.0),26/03/24 11:00:00,A,VI_PPS_EU27_2020_HAB,GDP,MT,2021,103,
ESTAT:TEC00114(1.0),26/03/24 11:00:00,A,VI_PPS_EU27_2020_HAB,GDP,MT,2022,104,
ESTAT:TEC00114(1.0),26/03/24 11:00:00,A,VI_PPS_EU27_2020_HAB,GDP,MT,2023,105,p
ESTAT:TEC00114(1.0),26/03/24 11:00:00,A,VI_PPS_EU27_2020_HAB,GDP,NL,2012,135,
ESTAT:TEC00114(1.0),26/03/24 11:00:00,A,VI_PPS_EU27_2020_HAB,GDP,NL,2013,137,
ESTAT:TEC00114(1.0),26/03/24 11:00:00,A,VI_PPS_EU27_2020_HAB,GDP,NL,2014,133,
ESTAT:TEC00114(1.0),26/03/24 11:00:00,A,VI_PPS_EU27_2020_HAB,GDP,NL,2015,131,
ESTAT:TEC00114(1.0),26/03/24 11:00:00,A,VI_PPS_EU27_2020_HAB,GDP,NL,2016,129,
ESTAT:TEC00114(1.0),26/03/24 11:00:00,A,VI_PPS_EU27_2020_HAB,GDP,NL,2017,129,
ESTAT:TEC00114(1.0),26/03/24 11:00:00,A,VI_PPS_EU27_2020_HAB,GDP,NL,2018,129,
ESTAT:TEC00114(1.0),26/03/24 11:00:00,A,VI_PPS_EU27_2020_HAB,GDP,NL,2019,127,
ESTAT:TEC00114(1.0),26/03/24 11:00:00,A,VI_PPS_EU27_2020_HAB,GDP,NL,2020,130,
ESTAT:TEC00114(1.0),26/03/24 11:00:00,A,VI_PPS_EU27_2020_HAB,GDP,NL,2021,131,
ESTAT:TEC00114(1.0),26/03/24 11:00:00,A,VI_PPS_EU27_2020_HAB,GDP,NL,2022,130,
ESTAT:TEC00114(1.0),26/03/24 11:00:00,A,VI_PPS_EU27_2020_HAB,GDP,NL,2023,130,p
ESTAT:TEC00114(1.0),26/03/24 11:00:00,A,VI_PPS_EU27_2020_HAB,GDP,NO,2012,188,
ESTAT:TEC00114(1.0),26/03/24 11:00:00,A,VI_PPS_EU27_2020_HAB,GDP,NO,2013,187,
ESTAT:TEC00114(1.0),26/03/24 11:00:00,A,VI_PPS_EU27_2020_HAB,GDP,NO,2014,179,
ESTAT:TEC00114(1.0),26/03/24 11:00:00,A,VI_PPS_EU27_2020_HAB,GDP,NO,2015,159,
ESTAT:TEC00114(1.0),26/03/24 11:00:00,A,VI_PPS_EU27_2020_HAB,GDP,NO,2016,146,
ESTAT:TEC00114(1.0),26/03/24 11:00:00,A,VI_PPS_EU27_2020_HAB,GDP,NO,2017,151,
ESTAT:TEC00114(1.0),26/03/24 11:00:00,A,VI_PPS_EU27_2020_HAB,GDP,NO,2018,157,
ESTAT:TEC00114(1.0),26/03/24 11:00:00,A,VI_PPS_EU27_2020_HAB,GDP,NO,2019,147,
ESTAT:TEC00114(1.0),26/03/24 11:00:00,A,VI_PPS_EU27_2020_HAB,GDP,NO,2020,143,
ESTAT:TEC00114(1.0),26/03/24 11:00:00,A,VI_PPS_EU27_2020_HAB,GDP,NO,2021,168,
ESTAT:TEC00114(1.0),26/03/24 11:00:00,A,VI_PPS_EU27_2020_HAB,GDP,NO,2022,212,
ESTAT:TEC00114(1.0),26/03/24 11:00:00,A,VI_PPS_EU27_2020_HAB,GDP,PL,2012,67,
ESTAT:TEC00114(1.0),26/03/24 11:00:00,A,VI_PPS_EU27_2020_HAB,GDP,PL,2013,67,
ESTAT:TEC00114(1.0),26/03/24 11:00:00,A,VI_PPS_EU27_2020_HAB,GDP,PL,2014,67,
ESTAT:TEC00114(1.0),26/03/24 11:00:00,A,VI_PPS_EU27_2020_HAB,GDP,PL,2015,69,
ESTAT:TEC00114(1.0),26/03/24 11:00:00,A,VI_PPS_EU27_2020_HAB,GDP,PL,2016,69,
ESTAT:TEC00114(1.0),26/03/24 11:00:00,A,VI_PPS_EU27_2020_HAB,GDP,PL,2017,69,
ESTAT:TEC00114(1.0),26/03/24 11:00:00,A,VI_PPS_EU27_2020_HAB,GDP,PL,2018,71,
ESTAT:TEC00114(1.0),26/03/24 11:00:00,A,VI_PPS_EU27_2020_HAB,GDP,PL,2019,73,
ESTAT:TEC00114(1.0),26/03/24 11:00:00,A,VI_PPS_EU27_2020_HAB,GDP,PL,2020,76,
ESTAT:TEC00114(1.0),26/03/24 11:00:00,A,VI_PPS_EU27_2020_HAB,GDP,PL,2021,77,
ESTAT:TEC00114(1.0),26/03/24 11:00:00,A,VI_PPS_EU27_2020_HAB,GDP,PL,2022,79,
ESTAT:TEC00114(1.0),26/03/24 11:00:00,A,VI_PPS_EU27_2020_HAB,GDP,PL,2023,80,p
ESTAT:TEC00114(1.0),26/03/24 11:00:00,A,VI_PPS_EU27_2020_HAB,GDP,PT,2012,76,
ESTAT:TEC00114(1.0),26/03/24 11:00:00,A,VI_PPS_EU27_2020_HAB,GDP,PT,2013,77,
ESTAT:TEC00114(1.0),26/03/24 11:00:00,A,VI_PPS_EU27_2020_HAB,GDP,PT,2014,77,
ESTAT:TEC00114(1.0),26/03/24 11:00:00,A,VI_PPS_EU27_2020_HAB,GDP,PT,2015,78,
ESTAT:TEC00114(1.0),26/03/24 11:00:00,A,VI_PPS_EU27_2020_HAB,GDP,PT,2016,78,
ESTAT:TEC00114(1.0),26/03/24 11:00:00,A,VI_PPS_EU27_2020_HAB,GDP,PT,2017,77,
ESTAT:TEC00114(1.0),26/03/24 11:00:00,A,VI_PPS_EU27_2020_HAB,GDP,PT,2018,78,
ESTAT:TEC00114(1.0),26/03/24 11:00:00,A,VI_PPS_EU27_2020_HAB,GDP,PT,2019,79,
ESTAT:TEC00114(1.0),26/03/24 11:00:00,A,VI_PPS_EU27_2020_HAB,GDP,PT,2020,76,
ESTAT:TEC00114(1.0),26/03/24 11:00:00,A,VI_PPS_EU27_2020_HAB,GDP,PT,2021,75,
ESTAT:TEC00114(1.0),26/03/24 11:00:00,A,VI_PPS_EU27_2020_HAB,GDP,PT,2022,79,
ESTAT:TEC00114(1.0),26/03/24 11:00:00,A,VI_PPS_EU27_2020_HAB,GDP,PT,2023,83,p
ESTAT:TEC00114(1.0),26/03/24 11:00:00,A,VI_PPS_EU27_2020_HAB,GDP,RO,2012,57,
ESTAT:TEC00114(1.0),26/03/24 11:00:00,A,VI_PPS_EU27_2020_HAB,GDP,RO,2013,55,
ESTAT:TEC00114(1.0),26/03/24 11:00:00,A,VI_PPS_EU27_2020_HAB,GDP,RO,2014,56,
ESTAT:TEC00114(1.0),26/03/24 11:00:00,A,VI_PPS_EU27_2020_HAB,GDP,RO,2015,57,
ESTAT:TEC00114(1.0),26/03/24 11:00:00,A,VI_PPS_EU27_2020_HAB,GDP,RO,2016,59,
ESTAT:TEC00114(1.0),26/03/24 11:00:00,A,VI_PPS_EU27_2020_HAB,GDP,RO,2017,63,
ESTAT:TEC00114(1.0),26/03/24 11:00:00,A,VI_PPS_EU27_2020_HAB,GDP,RO,2018,66,
ESTAT:TEC00114(1.0),26/03/24 11:00:00,A,VI_PPS_EU27_2020_HAB,GDP,RO,2019,70,
ESTAT:TEC00114(1.0),26/03/24 11:00:00,A,VI_PPS_EU27_2020_HAB,GDP,RO,2020,73,
ESTAT:TEC00114(1.0),26/03/24 11:00:00,A,VI_PPS_EU27_2020_HAB,GDP,RO,2021,73,
ESTAT:TEC00114(1.0),26/03/24 11:00:00,A,VI_PPS_EU27_2020_HAB,GDP,RO,2022,76,
ESTAT:TEC00114(1.0),26/03/24 11:00:00,A,VI_PPS_EU27_2020_HAB,GDP,RO,2023,78,p
ESTAT:TEC00114(1.0),26/03/24 11:00:00,A,VI_PPS_EU27_2020_HAB,GDP,RS,2012,40,
ESTAT:TEC00114(1.0),26/03/24 11:00:00,A,VI_PPS_EU27_2020_HAB,GDP,RS,2013,41,
ESTAT:TEC00114(1.0),26/03/24 11:00:00,A,VI_PPS_EU27_2020_HAB,GDP,RS,2014,40,
ESTAT:TEC00114(1.0),26/03/24 11:00:00,A,VI_PPS_EU27_2020_HAB,GDP,RS,2015,39,
ESTAT:TEC00114(1.0),26/03/24 11:00:00,A,VI_PPS_EU27_2020_HAB,GDP,RS,2016,39,
ESTAT:TEC00114(1.0),26/03/24 11:00:00,A,VI_PPS_EU27_2020_HAB,GDP,RS,2017,39,
ESTAT:TEC00114(1.0),26/03/24 11:00:00,A,VI_PPS_EU27_2020_HAB,GDP,RS,2018,40,
ESTAT:TEC00114(1.0),26/03/24 11:00:00,A,VI_PPS_EU27_2020_HAB,GDP,RS,2019,41,
ESTAT:TEC00114(1.0),26/03/24 11:00:00,A,VI_PPS_EU27_2020_HAB,GDP,RS,2020,43,
ESTAT:TEC00114(1.0),26/03/24 11:00:00,A,VI_PPS_EU27_2020_HAB,GDP,RS,2021,44,
ESTAT:TEC00114(1.0),26/03/24 11:00:00,A,VI_PPS_EU27_2020_HAB,GDP,RS,2022,44,
ESTAT:TEC00114(1.0),26/03/24 11:00:00,A,VI_PPS_EU27_2020_HAB,GDP,SE,2012,130,
ESTAT:TEC00114(1.0),26/03/24 11:00:00,A,VI_PPS_EU27_2020_HAB,GDP,SE,2013,128,
ESTAT:TEC00114(1.0),26/03/24 11:00:00,A,VI_PPS_EU27_2020_HAB,GDP,SE,2014,127,
ESTAT:TEC00114(1.0),26/03/24 11:00:00,A,VI_PPS_EU27_2020_HAB,GDP,SE,2015,128,
ESTAT:TEC00114(1.0),26/03/24 11:00:00,A,VI_PPS_EU27_2020_HAB,GDP,SE,2016,124,
ESTAT:TEC00114(1.0),26/03/24 11:00:00,A,VI_PPS_EU27_2020_HAB,GDP,SE,2017,122,
ESTAT:TEC00114(1.0),26/03/24 11:00:00,A,VI_PPS_EU27_2020_HAB,GDP,SE,2018,120,
ESTAT:TEC00114(1.0),26/03/24 11:00:00,A,VI_PPS_EU27_2020_HAB,GDP,SE,2019,119,
ESTAT:TEC00114(1.0),26/03/24 11:00:00,A,VI_PPS_EU27_2020_HAB,GDP,SE,2020,123,
ESTAT:TEC00114(1.0),26/03/24 11:00:00,A,VI_PPS_EU27_2020_HAB,GDP,SE,2021,122,
ESTAT:TEC00114(1.0),26/03/24 11:00:00,A,VI_PPS_EU27_2020_HAB,GDP,SE,2022,119,
ESTAT:TEC00114(1.0),26/03/24 11:00:00,A,VI_PPS_EU27_2020_HAB,GDP,SE,2023,117,p
ESTAT:TEC00114(1.0),26/03/24 11:00:00,A,VI_PPS_EU27_2020_HAB,GDP,SI,2012,83,
ESTAT:TEC00114(1.0),26/03/24 11:00:00,A,VI_PPS_EU27_2020_HAB,GDP,SI,2013,83,
ESTAT:TEC00114(1.0),26/03/24 11:00:00,A,VI_PPS_EU27_2020_HAB,GDP,SI,2014,83,
ESTAT:TEC00114(1.0),26/03/24 11:00:00,A,VI_PPS_EU27_2020_HAB,GDP,SI,2015,83,
ESTAT:TEC00114(1.0),26/03/24 11:00:00,A,VI_PPS_EU27_2020_HAB,GDP,SI,2016,84,
ESTAT:TEC00114(1.0),26/03/24 11:00:00,A,VI_PPS_EU27_2020_HAB,GDP,SI,2017,86,
ESTAT:TEC00114(1.0),26/03/24 11:00:00,A,VI_PPS_EU27_2020_HAB,GDP,SI,2018,87,
ESTAT:TEC00114(1.0),26/03/24 11:00:00,A,VI_PPS_EU27_2020_HAB,GDP,SI,2019,89,
ESTAT:TEC00114(1.0),26/03/24 11:00:00,A,VI_PPS_EU27_2020_HAB,GDP,SI,2020,89,
ESTAT:TEC00114(1.0),26/03/24 11:00:00,A,VI_PPS_EU27_2020_HAB,GDP,SI,2021,90,
ESTAT:TEC00114(1.0),26/03/24 11:00:00,A,VI_PPS_EU27_2020_HAB,GDP,SI,2022,90,
ESTAT:TEC00114(1.0),26/03/24 11:00:00,A,VI_PPS_EU27_2020_HAB,GDP,SI,2023,91,p
ESTAT:TEC00114(1.0),26/03/24 11:00:00,A,VI_PPS_EU27_2020_HAB,GDP,SK,2012,77,
ESTAT:TEC00114(1.0),26/03/24 11:00:00,A,VI_PPS_EU27_2020_HAB,GDP,SK,2013,78,
ESTAT:TEC00114(1.0),26/03/24 11:00:00,A,VI_PPS_EU27_2020_HAB,GDP,SK,2014,78,
ESTAT:TEC00114(1.0),26/03/24 11:00:00,A,VI_PPS_EU27_2020_HAB,GDP,SK,2015,79,
ESTAT:TEC00114(1.0),26/03/24 11:00:00,A,VI_PPS_EU27_2020_HAB,GDP,SK,2016,73,
ESTAT:TEC00114(1.0),26/03/24 11:00:00,A,VI_PPS_EU27_2020_HAB,GDP,SK,2017,71,
ESTAT:TEC00114(1.0),26/03/24 11:00:00,A,VI_PPS_EU27_2020_HAB,GDP,SK,2018,70,
ESTAT:TEC00114(1.0),26/03/24 11:00:00,A,VI_PPS_EU27_2020_HAB,GDP,SK,2019,71,
ESTAT:TEC00114(1.0),26/03/24 11:00:00,A,VI_PPS_EU27_2020_HAB,GDP,SK,2020,74,
ESTAT:TEC00114(1.0),26/03/24 11:00:00,A,VI_PPS_EU27_2020_HAB,GDP,SK,2021,73,
ESTAT:TEC00114(1.0),26/03/24 11:00:00,A,VI_PPS_EU27_2020_HAB,GDP,SK,2022,71,
ESTAT:TEC00114(1.0),26/03/24 11:00:00,A,VI_PPS_EU27_2020_HAB,GDP,SK,2023,73,p
ESTAT:TEC00114(1.0),26/03/24 11:00:00,A,VI_PPS_EU27_2020_HAB,GDP,TR,2012,59,
ESTAT:TEC00114(1.0),26/03/24 11:00:00,A,VI_PPS_EU27_2020_HAB,GDP,TR,2013,62,
ESTAT:TEC00114(1.0),26/03/24 11:00:00,A,VI_PPS_EU27_2020_HAB,GDP,TR,2014,65,
ESTAT:TEC00114(1.0),26/03/24 11:00:00,A,VI_PPS_EU27_2020_HAB,GDP,TR,2015,68,
ESTAT:TEC00114(1.0),26/03/24 11:00:00,A,VI_PPS_EU27_2020_HAB,GDP,TR,2016,66,
ESTAT:TEC00114(1.0),26/03/24 11:00:00,A,VI_PPS_EU27_2020_HAB,GDP,TR,2017,66,
ESTAT:TEC00114(1.0),26/03/24 11:00:00,A,VI_PPS_EU27_2020_HAB,GDP,TR,2018,63,
ESTAT:TEC00114(1.0),26/03/24 11:00:00,A,VI_PPS_EU27_2020_HAB,GDP,TR,2019,59,
ESTAT:TEC00114(1.0),26/03/24 11:00:00,A,VI_PPS_EU27_2020_HAB,GDP,TR,2020,61,
ESTAT:TEC00114(1.0),26/03/24 11:00:00,A,VI_PPS_EU27_2020_HAB,GDP,TR,2021,61,
ESTAT:TEC00114(1.0),26/03/24 11:00:00,A,VI_PPS_EU27_2020_HAB,GDP,TR,2022,67,
ESTAT:TEC00114(1.0),26/03/24 11:00:00,A,VI_PPS_EU27_2020_HAB,GDP,UK,2012,110,
ESTAT:TEC00114(1.0),26/03/24 11:00:00,A,VI_PPS_EU27_2020_HAB,GDP,UK,2013,111,
ESTAT:TEC00114(1.0),26/03/24 11:00:00,A,VI_PPS_EU27_2020_HAB,GDP,UK,2014,111,
ESTAT:TEC00114(1.0),26/03/24 11:00:00,A,VI_PPS_EU27_2020_HAB,GDP,UK,2015,111,
ESTAT:TEC00114(1.0),26/03/24 11:00:00,A,VI_PPS_EU27_2020_HAB,GDP,UK,2016,109,
ESTAT:TEC00114(1.0),26/03/24 11:00:00,A,VI_PPS_EU27_2020_HAB,GDP,UK,2017,108,
ESTAT:TEC00114(1.0),26/03/24 11:00:00,A,VI_PPS_EU27_2020_HAB,GDP,UK,2018,105,
ESTAT:TEC00114(1.0),26/03/24 11:00:00,A,VI_PPS_EU27_2020_HAB,GDP,UK,2019,104,
ESTAT:TEC00114(1.0),26/03/24 11:00:00,A,VI_PPS_EU27_2020_HAB,GDP,UK,2020,102,
ESTAT:TEC00114(1.0),26/03/24 11:00:00,A,VI_PPS_EU27_2020_HAB,GDP,UK,2021,102,
ESTAT:TEC00114(1.0),26/03/24 11:00:00,A,VI_PPS_EU27_2020_HAB,GDP,UK,2022,99,
ESTAT:TEC00114(1.0),26/03/24 11:00:00,A,VI_PPS_EU27_2020_HAB,GDP,US,2012,148,
ESTAT:TEC00114(1.0),26/03/24 11:00:00,A,VI_PPS_EU27_2020_HAB,GDP,US,2013,147,
ESTAT:TEC00114(1.0),26/03/24 11:00:00,A,VI_PPS_EU27_2020_HAB,GDP,US,2014,148,
ESTAT:TEC00114(1.0),26/03/24 11:00:00,A,VI_PPS_EU27_2020_HAB,GDP,US,2015,148,
ESTAT:TEC00114(1.0),26/03/24 11:00:00,A,VI_PPS_EU27_2020_HAB,GDP,US,2016,142,
ESTAT:TEC00114(1.0),26/03/24 11:00:00,A,VI_PPS_EU27_2020_HAB,GDP,US,2017,140,
ESTAT:TEC00114(1.0),26/03/24 11:00:00,A,VI_PPS_EU27_2020_HAB,GDP,US,2018,140,
ESTAT:TEC00114(1.0),26/03/24 11:00:00,A,VI_PPS_EU27_2020_HAB,GDP,US,2019,134,
ESTAT:TEC00114(1.0),26/03/24 11:00:00,A,VI_PPS_EU27_2020_HAB,GDP,US,2020,135,
ESTAT:TEC00114(1.0),26/03/24 11:00:00,A,VI_PPS_EU27_2020_HAB,GDP,US,2021,135,
ESTAT:TEC00114(1.0),26/03/24 11:00:00,A,VI_PPS_EU27_2020_HAB,GDP,US,2022,134,
